metric_name,timestamp,metric_value,check,error,error_code,expected_response,group,method,name,proto,scenario,service,status,subproto,tls_version,url,extra_tags,metadata
http_reqs,1767699572,1.000000,,,,true,,POST,http://host.docker.internal:5000/login,HTTP/1.1,default,,200,,,http://host.docker.internal:5000/login,,
http_req_duration,1767699572,4.884794,,,,true,,POST,http://host.docker.internal:5000/login,HTTP/1.1,default,,200,,,http://host.docker.internal:5000/login,,
http_req_blocked,1767699572,4.410480,,,,true,,POST,http://host.docker.internal:5000/login,HTTP/1.1,default,,200,,,http://host.docker.internal:5000/login,,
http_req_connecting,1767699572,4.239057,,,,true,,POST,http://host.docker.internal:5000/login,HTTP/1.1,default,,200,,,http://host.docker.internal:5000/login,,
http_req_tls_handshaking,1767699572,0.000000,,,,true,,POST,http://host.docker.internal:5000/login,HTTP/1.1,default,,200,,,http://host.docker.internal:5000/login,,
http_req_sending,1767699572,0.203088,,,,true,,POST,http://host.docker.internal:5000/login,HTTP/1.1,default,,200,,,http://host.docker.internal:5000/login,,
http_req_waiting,1767699572,4.506072,,,,true,,POST,http://host.docker.internal:5000/login,HTTP/1.1,default,,200,,,http://host.docker.internal:5000/login,,
http_req_receiving,1767699572,0.175634,,,,true,,POST,http://host.docker.internal:5000/login,HTTP/1.1,default,,200,,,http://host.docker.internal:5000/login,,
http_req_failed,1767699572,0.000000,,,,true,,POST,http://host.docker.internal:5000/login,HTTP/1.1,default,,200,,,http://host.docker.internal:5000/login,,
checks,1767699572,1.000000,Login successful,,,,,,,,default,,,,,,,
checks,1767699572,1.000000,Response contains welcome,,,,,,,,default,,,,,,,
data_sent,1767699572,188.000000,,,,,,,,,default,,,,,,,
data_received,1767699572,408.000000,,,,,,,,,default,,,,,,,
iteration_duration,1767699572,9.906515,,,,,,,,,default,,,,,,,
iterations,1767699572,1.000000,,,,,,,,,default,,,,,,,
http_reqs,1767699572,1.000000,,,,true,,POST,http://host.docker.internal:5000/login,HTTP/1.1,default,,200,,,http://host.docker.internal:5000/login,,
http_req_duration,1767699572,6.807579,,,,true,,POST,http://host.docker.internal:5000/login,HTTP/1.1,default,,200,,,http://host.docker.internal:5000/login,,
http_req_blocked,1767699572,0.016863,,,,true,,POST,http://host.docker.internal:5000/login,HTTP/1.1,default,,200,,,http://host.docker.internal:5000/login,,
http_req_connecting,1767699572,0.000000,,,,true,,POST,http://host.docker.internal:5000/login,HTTP/1.1,default,,200,,,http://host.docker.internal:5000/login,,
http_req_tls_handshaking,1767699572,0.000000,,,,true,,POST,http://host.docker.internal:5000/login,HTTP/1.1,default,,200,,,http://host.docker.internal:5000/login,,
http_req_sending,1767699572,0.142079,,,,true,,POST,http://host.docker.internal:5000/login,HTTP/1.1,default,,200,,,http://host.docker.internal:5000/login,,
http_req_waiting,1767699572,6.369206,,,,true,,POST,http://host.docker.internal:5000/login,HTTP/1.1,default,,200,,,http://host.docker.internal:5000/login,,
http_req_receiving,1767699572,0.296294,,,,true,,POST,http://host.docker.internal:5000/login,HTTP/1.1,default,,200,,,http://host.docker.internal:5000/login,,
http_req_failed,1767699572,0.000000,,,,true,,POST,http://host.docker.internal:5000/login,HTTP/1.1,default,,200,,,http://host.docker.internal:5000/login,,
checks,1767699572,1.000000,Login successful,,,,,,,,default,,,,,,,
checks,1767699572,1.000000,Response contains welcome,,,,,,,,default,,,,,,,
data_sent,1767699572,188.000000,,,,,,,,,default,,,,,,,
data_received,1767699572,408.000000,,,,,,,,,default,,,,,,,
iteration_duration,1767699572,7.241005,,,,,,,,,default,,,,,,,
iterations,1767699572,1.000000,,,,,,,,,default,,,,,,,
http_reqs,1767699572,1.000000,,,,true,,POST,http://host.docker.internal:5000/login,HTTP/1.1,default,,200,,,http://host.docker.internal:5000/login,,
http_req_duration,1767699572,4.409832,,,,true,,POST,http://host.docker.internal:5000/login,HTTP/1.1,default,,200,,,http://host.docker.internal:5000/login,,
http_req_blocked,1767699572,0.015869,,,,true,,POST,http://host.docker.internal:5000/login,HTTP/1.1,default,,200,,,http://host.docker.internal:5000/login,,
http_req_connecting,1767699572,0.000000,,,,true,,POST,http://host.docker.internal:5000/login,HTTP/1.1,default,,200,,,http://host.docker.internal:5000/login,,
http_req_tls_handshaking,1767699572,0.000000,,,,true,,POST,http://host.docker.internal:5000/login,HTTP/1.1,default,,200,,,http://host.docker.internal:5000/login,,
http_req_sending,1767699572,0.048994,,,,true,,POST,http://host.docker.internal:5000/login,HTTP/1.1,default,,200,,,http://host.docker.internal:5000/login,,
http_req_waiting,1767699572,4.267567,,,,true,,POST,http://host.docker.internal:5000/login,HTTP/1.1,default,,200,,,http://host.docker.internal:5000/login,,
http_req_receiving,1767699572,0.093271,,,,true,,POST,http://host.docker.internal:5000/login,HTTP/1.1,default,,200,,,http://host.docker.internal:5000/login,,
http_req_failed,1767699572,0.000000,,,,true,,POST,http://host.docker.internal:5000/login,HTTP/1.1,default,,200,,,http://host.docker.internal:5000/login,,
checks,1767699572,1.000000,Login successful,,,,,,,,default,,,,,,,
checks,1767699572,1.000000,Response contains welcome,,,,,,,,default,,,,,,,
data_sent,1767699572,188.000000,,,,,,,,,default,,,,,,,
data_received,1767699572,408.000000,,,,,,,,,default,,,,,,,
iteration_duration,1767699572,4.711864,,,,,,,,,default,,,,,,,
iterations,1767699572,1.000000,,,,,,,,,default,,,,,,,
http_reqs,1767699572,1.000000,,,,true,,POST,http://host.docker.internal:5000/login,HTTP/1.1,default,,200,,,http://host.docker.internal:5000/login,,
http_req_duration,1767699572,10.243437,,,,true,,POST,http://host.docker.internal:5000/login,HTTP/1.1,default,,200,,,http://host.docker.internal:5000/login,,
http_req_blocked,1767699572,0.007897,,,,true,,POST,http://host.docker.internal:5000/login,HTTP/1.1,default,,200,,,http://host.docker.internal:5000/login,,
http_req_connecting,1767699572,0.000000,,,,true,,POST,http://host.docker.internal:5000/login,HTTP/1.1,default,,200,,,http://host.docker.internal:5000/login,,
http_req_tls_handshaking,1767699572,0.000000,,,,true,,POST,http://host.docker.internal:5000/login,HTTP/1.1,default,,200,,,http://host.docker.internal:5000/login,,
http_req_sending,1767699572,0.031226,,,,true,,POST,http://host.docker.internal:5000/login,HTTP/1.1,default,,200,,,http://host.docker.internal:5000/login,,
http_req_waiting,1767699572,10.135090,,,,true,,POST,http://host.docker.internal:5000/login,HTTP/1.1,default,,200,,,http://host.docker.internal:5000/login,,
http_req_receiving,1767699572,0.077121,,,,true,,POST,http://host.docker.internal:5000/login,HTTP/1.1,default,,200,,,http://host.docker.internal:5000/login,,
http_req_failed,1767699572,0.000000,,,,true,,POST,http://host.docker.internal:5000/login,HTTP/1.1,default,,200,,,http://host.docker.internal:5000/login,,
checks,1767699572,1.000000,Login successful,,,,,,,,default,,,,,,,
checks,1767699572,1.000000,Response contains welcome,,,,,,,,default,,,,,,,
data_sent,1767699572,188.000000,,,,,,,,,default,,,,,,,
data_received,1767699572,408.000000,,,,,,,,,default,,,,,,,
iteration_duration,1767699572,10.440455,,,,,,,,,default,,,,,,,
iterations,1767699572,1.000000,,,,,,,,,default,,,,,,,
http_reqs,1767699572,1.000000,,,,true,,POST,http://host.docker.internal:5000/login,HTTP/1.1,default,,200,,,http://host.docker.internal:5000/login,,
http_req_duration,1767699572,6.917613,,,,true,,POST,http://host.docker.internal:5000/login,HTTP/1.1,default,,200,,,http://host.docker.internal:5000/login,,
http_req_blocked,1767699572,0.006912,,,,true,,POST,http://host.docker.internal:5000/login,HTTP/1.1,default,,200,,,http://host.docker.internal:5000/login,,
http_req_connecting,1767699572,0.000000,,,,true,,POST,http://host.docker.internal:5000/login,HTTP/1.1,default,,200,,,http://host.docker.internal:5000/login,,
http_req_tls_handshaking,1767699572,0.000000,,,,true,,POST,http://host.docker.internal:5000/login,HTTP/1.1,default,,200,,,http://host.docker.internal:5000/login,,
http_req_sending,1767699572,0.021573,,,,true,,POST,http://host.docker.internal:5000/login,HTTP/1.1,default,,200,,,http://host.docker.internal:5000/login,,
http_req_waiting,1767699572,6.748336,,,,true,,POST,http://host.docker.internal:5000/login,HTTP/1.1,default,,200,,,http://host.docker.internal:5000/login,,
http_req_receiving,1767699572,0.147704,,,,true,,POST,http://host.docker.internal:5000/login,HTTP/1.1,default,,200,,,http://host.docker.internal:5000/login,,
http_req_failed,1767699572,0.000000,,,,true,,POST,http://host.docker.internal:5000/login,HTTP/1.1,default,,200,,,http://host.docker.internal:5000/login,,
checks,1767699572,1.000000,Login successful,,,,,,,,default,,,,,,,
checks,1767699572,1.000000,Response contains welcome,,,,,,,,default,,,,,,,
data_sent,1767699572,188.000000,,,,,,,,,default,,,,,,,
data_received,1767699572,408.000000,,,,,,,,,default,,,,,,,
iteration_duration,1767699572,7.180574,,,,,,,,,default,,,,,,,
iterations,1767699572,1.000000,,,,,,,,,default,,,,,,,
http_reqs,1767699572,1.000000,,,,true,,POST,http://host.docker.internal:5000/login,HTTP/1.1,default,,200,,,http://host.docker.internal:5000/login,,
http_req_duration,1767699572,7.348058,,,,true,,POST,http://host.docker.internal:5000/login,HTTP/1.1,default,,200,,,http://host.docker.internal:5000/login,,
http_req_blocked,1767699572,0.008312,,,,true,,POST,http://host.docker.internal:5000/login,HTTP/1.1,default,,200,,,http://host.docker.internal:5000/login,,
http_req_connecting,1767699572,0.000000,,,,true,,POST,http://host.docker.internal:5000/login,HTTP/1.1,default,,200,,,http://host.docker.internal:5000/login,,
http_req_tls_handshaking,1767699572,0.000000,,,,true,,POST,http://host.docker.internal:5000/login,HTTP/1.1,default,,200,,,http://host.docker.internal:5000/login,,
http_req_sending,1767699572,0.031384,,,,true,,POST,http://host.docker.internal:5000/login,HTTP/1.1,default,,200,,,http://host.docker.internal:5000/login,,
http_req_waiting,1767699572,7.177226,,,,true,,POST,http://host.docker.internal:5000/login,HTTP/1.1,default,,200,,,http://host.docker.internal:5000/login,,
http_req_receiving,1767699572,0.139448,,,,true,,POST,http://host.docker.internal:5000/login,HTTP/1.1,default,,200,,,http://host.docker.internal:5000/login,,
http_req_failed,1767699572,0.000000,,,,true,,POST,http://host.docker.internal:5000/login,HTTP/1.1,default,,200,,,http://host.docker.internal:5000/login,,
checks,1767699572,1.000000,Login successful,,,,,,,,default,,,,,,,
checks,1767699572,1.000000,Response contains welcome,,,,,,,,default,,,,,,,
data_sent,1767699572,188.000000,,,,,,,,,default,,,,,,,
data_received,1767699572,408.000000,,,,,,,,,default,,,,,,,
iteration_duration,1767699572,7.714643,,,,,,,,,default,,,,,,,
iterations,1767699572,1.000000,,,,,,,,,default,,,,,,,
http_reqs,1767699572,1.000000,,,,true,,POST,http://host.docker.internal:5000/login,HTTP/1.1,default,,200,,,http://host.docker.internal:5000/login,,
http_req_duration,1767699572,9.821885,,,,true,,POST,http://host.docker.internal:5000/login,HTTP/1.1,default,,200,,,http://host.docker.internal:5000/login,,
http_req_blocked,1767699572,0.025808,,,,true,,POST,http://host.docker.internal:5000/login,HTTP/1.1,default,,200,,,http://host.docker.internal:5000/login,,
http_req_connecting,1767699572,0.000000,,,,true,,POST,http://host.docker.internal:5000/login,HTTP/1.1,default,,200,,,http://host.docker.internal:5000/login,,
http_req_tls_handshaking,1767699572,0.000000,,,,true,,POST,http://host.docker.internal:5000/login,HTTP/1.1,default,,200,,,http://host.docker.internal:5000/login,,
http_req_sending,1767699572,0.124206,,,,true,,POST,http://host.docker.internal:5000/login,HTTP/1.1,default,,200,,,http://host.docker.internal:5000/login,,
http_req_waiting,1767699572,9.598484,,,,true,,POST,http://host.docker.internal:5000/login,HTTP/1.1,default,,200,,,http://host.docker.internal:5000/login,,
http_req_receiving,1767699572,0.099195,,,,true,,POST,http://host.docker.internal:5000/login,HTTP/1.1,default,,200,,,http://host.docker.internal:5000/login,,
http_req_failed,1767699572,0.000000,,,,true,,POST,http://host.docker.internal:5000/login,HTTP/1.1,default,,200,,,http://host.docker.internal:5000/login,,
checks,1767699572,1.000000,Login successful,,,,,,,,default,,,,,,,
checks,1767699572,1.000000,Response contains welcome,,,,,,,,default,,,,,,,
data_sent,1767699572,188.000000,,,,,,,,,default,,,,,,,
data_received,1767699572,408.000000,,,,,,,,,default,,,,,,,
iteration_duration,1767699572,10.069195,,,,,,,,,default,,,,,,,
iterations,1767699572,1.000000,,,,,,,,,default,,,,,,,
http_reqs,1767699572,1.000000,,,,true,,POST,http://host.docker.internal:5000/login,HTTP/1.1,default,,200,,,http://host.docker.internal:5000/login,,
http_req_duration,1767699572,11.857914,,,,true,,POST,http://host.docker.internal:5000/login,HTTP/1.1,default,,200,,,http://host.docker.internal:5000/login,,
http_req_blocked,1767699572,0.009080,,,,true,,POST,http://host.docker.internal:5000/login,HTTP/1.1,default,,200,,,http://host.docker.internal:5000/login,,
http_req_connecting,1767699572,0.000000,,,,true,,POST,http://host.docker.internal:5000/login,HTTP/1.1,default,,200,,,http://host.docker.internal:5000/login,,
http_req_tls_handshaking,1767699572,0.000000,,,,true,,POST,http://host.docker.internal:5000/login,HTTP/1.1,default,,200,,,http://host.docker.internal:5000/login,,
http_req_sending,1767699572,0.023858,,,,true,,POST,http://host.docker.internal:5000/login,HTTP/1.1,default,,200,,,http://host.docker.internal:5000/login,,
http_req_waiting,1767699572,11.627190,,,,true,,POST,http://host.docker.internal:5000/login,HTTP/1.1,default,,200,,,http://host.docker.internal:5000/login,,
http_req_receiving,1767699572,0.206866,,,,true,,POST,http://host.docker.internal:5000/login,HTTP/1.1,default,,200,,,http://host.docker.internal:5000/login,,
http_req_failed,1767699572,0.000000,,,,true,,POST,http://host.docker.internal:5000/login,HTTP/1.1,default,,200,,,http://host.docker.internal:5000/login,,
checks,1767699572,1.000000,Login successful,,,,,,,,default,,,,,,,
checks,1767699572,1.000000,Response contains welcome,,,,,,,,default,,,,,,,
data_sent,1767699572,188.000000,,,,,,,,,default,,,,,,,
data_received,1767699572,408.000000,,,,,,,,,default,,,,,,,
iteration_duration,1767699572,12.273273,,,,,,,,,default,,,,,,,
iterations,1767699572,1.000000,,,,,,,,,default,,,,,,,
http_reqs,1767699572,1.000000,,,,true,,POST,http://host.docker.internal:5000/login,HTTP/1.1,default,,200,,,http://host.docker.internal:5000/login,,
http_req_duration,1767699572,7.036675,,,,true,,POST,http://host.docker.internal:5000/login,HTTP/1.1,default,,200,,,http://host.docker.internal:5000/login,,
http_req_blocked,1767699572,0.006312,,,,true,,POST,http://host.docker.internal:5000/login,HTTP/1.1,default,,200,,,http://host.docker.internal:5000/login,,
http_req_connecting,1767699572,0.000000,,,,true,,POST,http://host.docker.internal:5000/login,HTTP/1.1,default,,200,,,http://host.docker.internal:5000/login,,
http_req_tls_handshaking,1767699572,0.000000,,,,true,,POST,http://host.docker.internal:5000/login,HTTP/1.1,default,,200,,,http://host.docker.internal:5000/login,,
http_req_sending,1767699572,0.042218,,,,true,,POST,http://host.docker.internal:5000/login,HTTP/1.1,default,,200,,,http://host.docker.internal:5000/login,,
http_req_waiting,1767699572,6.719540,,,,true,,POST,http://host.docker.internal:5000/login,HTTP/1.1,default,,200,,,http://host.docker.internal:5000/login,,
http_req_receiving,1767699572,0.274917,,,,true,,POST,http://host.docker.internal:5000/login,HTTP/1.1,default,,200,,,http://host.docker.internal:5000/login,,
http_req_failed,1767699572,0.000000,,,,true,,POST,http://host.docker.internal:5000/login,HTTP/1.1,default,,200,,,http://host.docker.internal:5000/login,,
checks,1767699572,1.000000,Login successful,,,,,,,,default,,,,,,,
checks,1767699572,1.000000,Response contains welcome,,,,,,,,default,,,,,,,
data_sent,1767699572,188.000000,,,,,,,,,default,,,,,,,
data_received,1767699572,408.000000,,,,,,,,,default,,,,,,,
iteration_duration,1767699572,7.281919,,,,,,,,,default,,,,,,,
iterations,1767699572,1.000000,,,,,,,,,default,,,,,,,
http_reqs,1767699572,1.000000,,,,true,,POST,http://host.docker.internal:5000/login,HTTP/1.1,default,,200,,,http://host.docker.internal:5000/login,,
http_req_duration,1767699572,3.784406,,,,true,,POST,http://host.docker.internal:5000/login,HTTP/1.1,default,,200,,,http://host.docker.internal:5000/login,,
http_req_blocked,1767699572,0.016236,,,,true,,POST,http://host.docker.internal:5000/login,HTTP/1.1,default,,200,,,http://host.docker.internal:5000/login,,
http_req_connecting,1767699572,0.000000,,,,true,,POST,http://host.docker.internal:5000/login,HTTP/1.1,default,,200,,,http://host.docker.internal:5000/login,,
http_req_tls_handshaking,1767699572,0.000000,,,,true,,POST,http://host.docker.internal:5000/login,HTTP/1.1,default,,200,,,http://host.docker.internal:5000/login,,
http_req_sending,1767699572,0.024736,,,,true,,POST,http://host.docker.internal:5000/login,HTTP/1.1,default,,200,,,http://host.docker.internal:5000/login,,
http_req_waiting,1767699572,3.679469,,,,true,,POST,http://host.docker.internal:5000/login,HTTP/1.1,default,,200,,,http://host.docker.internal:5000/login,,
http_req_receiving,1767699572,0.080201,,,,true,,POST,http://host.docker.internal:5000/login,HTTP/1.1,default,,200,,,http://host.docker.internal:5000/login,,
http_req_failed,1767699572,0.000000,,,,true,,POST,http://host.docker.internal:5000/login,HTTP/1.1,default,,200,,,http://host.docker.internal:5000/login,,
checks,1767699572,1.000000,Login successful,,,,,,,,default,,,,,,,
checks,1767699572,1.000000,Response contains welcome,,,,,,,,default,,,,,,,
data_sent,1767699572,188.000000,,,,,,,,,default,,,,,,,
data_received,1767699572,408.000000,,,,,,,,,default,,,,,,,
iteration_duration,1767699572,3.985764,,,,,,,,,default,,,,,,,
iterations,1767699572,1.000000,,,,,,,,,default,,,,,,,
http_reqs,1767699572,1.000000,,,,true,,POST,http://host.docker.internal:5000/login,HTTP/1.1,default,,200,,,http://host.docker.internal:5000/login,,
http_req_duration,1767699572,5.000453,,,,true,,POST,http://host.docker.internal:5000/login,HTTP/1.1,default,,200,,,http://host.docker.internal:5000/login,,
http_req_blocked,1767699572,0.006552,,,,true,,POST,http://host.docker.internal:5000/login,HTTP/1.1,default,,200,,,http://host.docker.internal:5000/login,,
http_req_connecting,1767699572,0.000000,,,,true,,POST,http://host.docker.internal:5000/login,HTTP/1.1,default,,200,,,http://host.docker.internal:5000/login,,
http_req_tls_handshaking,1767699572,0.000000,,,,true,,POST,http://host.docker.internal:5000/login,HTTP/1.1,default,,200,,,http://host.docker.internal:5000/login,,
http_req_sending,1767699572,0.024310,,,,true,,POST,http://host.docker.internal:5000/login,HTTP/1.1,default,,200,,,http://host.docker.internal:5000/login,,
http_req_waiting,1767699572,4.864438,,,,true,,POST,http://host.docker.internal:5000/login,HTTP/1.1,default,,200,,,http://host.docker.internal:5000/login,,
http_req_receiving,1767699572,0.111705,,,,true,,POST,http://host.docker.internal:5000/login,HTTP/1.1,default,,200,,,http://host.docker.internal:5000/login,,
http_req_failed,1767699572,0.000000,,,,true,,POST,http://host.docker.internal:5000/login,HTTP/1.1,default,,200,,,http://host.docker.internal:5000/login,,
checks,1767699572,1.000000,Login successful,,,,,,,,default,,,,,,,
checks,1767699572,1.000000,Response contains welcome,,,,,,,,default,,,,,,,
data_sent,1767699572,188.000000,,,,,,,,,default,,,,,,,
data_received,1767699572,408.000000,,,,,,,,,default,,,,,,,
iteration_duration,1767699572,5.233363,,,,,,,,,default,,,,,,,
iterations,1767699572,1.000000,,,,,,,,,default,,,,,,,
http_reqs,1767699572,1.000000,,,,true,,POST,http://host.docker.internal:5000/login,HTTP/1.1,default,,200,,,http://host.docker.internal:5000/login,,
http_req_duration,1767699572,3.834136,,,,true,,POST,http://host.docker.internal:5000/login,HTTP/1.1,default,,200,,,http://host.docker.internal:5000/login,,
http_req_blocked,1767699572,0.007403,,,,true,,POST,http://host.docker.internal:5000/login,HTTP/1.1,default,,200,,,http://host.docker.internal:5000/login,,
http_req_connecting,1767699572,0.000000,,,,true,,POST,http://host.docker.internal:5000/login,HTTP/1.1,default,,200,,,http://host.docker.internal:5000/login,,
http_req_tls_handshaking,1767699572,0.000000,,,,true,,POST,http://host.docker.internal:5000/login,HTTP/1.1,default,,200,,,http://host.docker.internal:5000/login,,
http_req_sending,1767699572,0.033291,,,,true,,POST,http://host.docker.internal:5000/login,HTTP/1.1,default,,200,,,http://host.docker.internal:5000/login,,
http_req_waiting,1767699572,3.659668,,,,true,,POST,http://host.docker.internal:5000/login,HTTP/1.1,default,,200,,,http://host.docker.internal:5000/login,,
http_req_receiving,1767699572,0.141177,,,,true,,POST,http://host.docker.internal:5000/login,HTTP/1.1,default,,200,,,http://host.docker.internal:5000/login,,
http_req_failed,1767699572,0.000000,,,,true,,POST,http://host.docker.internal:5000/login,HTTP/1.1,default,,200,,,http://host.docker.internal:5000/login,,
checks,1767699572,1.000000,Login successful,,,,,,,,default,,,,,,,
checks,1767699572,1.000000,Response contains welcome,,,,,,,,default,,,,,,,
data_sent,1767699572,188.000000,,,,,,,,,default,,,,,,,
data_received,1767699572,408.000000,,,,,,,,,default,,,,,,,
iteration_duration,1767699572,4.054212,,,,,,,,,default,,,,,,,
iterations,1767699572,1.000000,,,,,,,,,default,,,,,,,
http_reqs,1767699572,1.000000,,,,true,,POST,http://host.docker.internal:5000/login,HTTP/1.1,default,,200,,,http://host.docker.internal:5000/login,,
http_req_duration,1767699572,6.246420,,,,true,,POST,http://host.docker.internal:5000/login,HTTP/1.1,default,,200,,,http://host.docker.internal:5000/login,,
http_req_blocked,1767699572,0.006969,,,,true,,POST,http://host.docker.internal:5000/login,HTTP/1.1,default,,200,,,http://host.docker.internal:5000/login,,
http_req_connecting,1767699572,0.000000,,,,true,,POST,http://host.docker.internal:5000/login,HTTP/1.1,default,,200,,,http://host.docker.internal:5000/login,,
http_req_tls_handshaking,1767699572,0.000000,,,,true,,POST,http://host.docker.internal:5000/login,HTTP/1.1,default,,200,,,http://host.docker.internal:5000/login,,
http_req_sending,1767699572,0.025966,,,,true,,POST,http://host.docker.internal:5000/login,HTTP/1.1,default,,200,,,http://host.docker.internal:5000/login,,
http_req_waiting,1767699572,6.078699,,,,true,,POST,http://host.docker.internal:5000/login,HTTP/1.1,default,,200,,,http://host.docker.internal:5000/login,,
http_req_receiving,1767699572,0.141755,,,,true,,POST,http://host.docker.internal:5000/login,HTTP/1.1,default,,200,,,http://host.docker.internal:5000/login,,
http_req_failed,1767699572,0.000000,,,,true,,POST,http://host.docker.internal:5000/login,HTTP/1.1,default,,200,,,http://host.docker.internal:5000/login,,
checks,1767699572,1.000000,Login successful,,,,,,,,default,,,,,,,
checks,1767699572,1.000000,Response contains welcome,,,,,,,,default,,,,,,,
data_sent,1767699572,188.000000,,,,,,,,,default,,,,,,,
data_received,1767699572,408.000000,,,,,,,,,default,,,,,,,
iteration_duration,1767699572,6.500430,,,,,,,,,default,,,,,,,
iterations,1767699572,1.000000,,,,,,,,,default,,,,,,,
http_reqs,1767699572,1.000000,,,,true,,POST,http://host.docker.internal:5000/login,HTTP/1.1,default,,200,,,http://host.docker.internal:5000/login,,
http_req_duration,1767699572,8.464789,,,,true,,POST,http://host.docker.internal:5000/login,HTTP/1.1,default,,200,,,http://host.docker.internal:5000/login,,
http_req_blocked,1767699572,0.010825,,,,true,,POST,http://host.docker.internal:5000/login,HTTP/1.1,default,,200,,,http://host.docker.internal:5000/login,,
http_req_connecting,1767699572,0.000000,,,,true,,POST,http://host.docker.internal:5000/login,HTTP/1.1,default,,200,,,http://host.docker.internal:5000/login,,
http_req_tls_handshaking,1767699572,0.000000,,,,true,,POST,http://host.docker.internal:5000/login,HTTP/1.1,default,,200,,,http://host.docker.internal:5000/login,,
http_req_sending,1767699572,0.051280,,,,true,,POST,http://host.docker.internal:5000/login,HTTP/1.1,default,,200,,,http://host.docker.internal:5000/login,,
http_req_waiting,1767699572,8.291751,,,,true,,POST,http://host.docker.internal:5000/login,HTTP/1.1,default,,200,,,http://host.docker.internal:5000/login,,
http_req_receiving,1767699572,0.121758,,,,true,,POST,http://host.docker.internal:5000/login,HTTP/1.1,default,,200,,,http://host.docker.internal:5000/login,,
http_req_failed,1767699572,0.000000,,,,true,,POST,http://host.docker.internal:5000/login,HTTP/1.1,default,,200,,,http://host.docker.internal:5000/login,,
checks,1767699572,1.000000,Login successful,,,,,,,,default,,,,,,,
checks,1767699572,1.000000,Response contains welcome,,,,,,,,default,,,,,,,
data_sent,1767699572,188.000000,,,,,,,,,default,,,,,,,
data_received,1767699572,408.000000,,,,,,,,,default,,,,,,,
iteration_duration,1767699572,8.714742,,,,,,,,,default,,,,,,,
iterations,1767699572,1.000000,,,,,,,,,default,,,,,,,
http_reqs,1767699572,1.000000,,,,true,,POST,http://host.docker.internal:5000/login,HTTP/1.1,default,,200,,,http://host.docker.internal:5000/login,,
http_req_duration,1767699572,2.222606,,,,true,,POST,http://host.docker.internal:5000/login,HTTP/1.1,default,,200,,,http://host.docker.internal:5000/login,,
http_req_blocked,1767699572,0.006244,,,,true,,POST,http://host.docker.internal:5000/login,HTTP/1.1,default,,200,,,http://host.docker.internal:5000/login,,
http_req_connecting,1767699572,0.000000,,,,true,,POST,http://host.docker.internal:5000/login,HTTP/1.1,default,,200,,,http://host.docker.internal:5000/login,,
http_req_tls_handshaking,1767699572,0.000000,,,,true,,POST,http://host.docker.internal:5000/login,HTTP/1.1,default,,200,,,http://host.docker.internal:5000/login,,
http_req_sending,1767699572,0.031025,,,,true,,POST,http://host.docker.internal:5000/login,HTTP/1.1,default,,200,,,http://host.docker.internal:5000/login,,
http_req_waiting,1767699572,2.051992,,,,true,,POST,http://host.docker.internal:5000/login,HTTP/1.1,default,,200,,,http://host.docker.internal:5000/login,,
http_req_receiving,1767699572,0.139589,,,,true,,POST,http://host.docker.internal:5000/login,HTTP/1.1,default,,200,,,http://host.docker.internal:5000/login,,
http_req_failed,1767699572,0.000000,,,,true,,POST,http://host.docker.internal:5000/login,HTTP/1.1,default,,200,,,http://host.docker.internal:5000/login,,
checks,1767699572,1.000000,Login successful,,,,,,,,default,,,,,,,
checks,1767699572,1.000000,Response contains welcome,,,,,,,,default,,,,,,,
data_sent,1767699572,188.000000,,,,,,,,,default,,,,,,,
data_received,1767699572,408.000000,,,,,,,,,default,,,,,,,
iteration_duration,1767699572,2.536322,,,,,,,,,default,,,,,,,
iterations,1767699572,1.000000,,,,,,,,,default,,,,,,,
http_reqs,1767699572,1.000000,,,,true,,POST,http://host.docker.internal:5000/login,HTTP/1.1,default,,200,,,http://host.docker.internal:5000/login,,
http_req_duration,1767699572,5.928320,,,,true,,POST,http://host.docker.internal:5000/login,HTTP/1.1,default,,200,,,http://host.docker.internal:5000/login,,
http_req_blocked,1767699572,0.008370,,,,true,,POST,http://host.docker.internal:5000/login,HTTP/1.1,default,,200,,,http://host.docker.internal:5000/login,,
http_req_connecting,1767699572,0.000000,,,,true,,POST,http://host.docker.internal:5000/login,HTTP/1.1,default,,200,,,http://host.docker.internal:5000/login,,
http_req_tls_handshaking,1767699572,0.000000,,,,true,,POST,http://host.docker.internal:5000/login,HTTP/1.1,default,,200,,,http://host.docker.internal:5000/login,,
http_req_sending,1767699572,0.053765,,,,true,,POST,http://host.docker.internal:5000/login,HTTP/1.1,default,,200,,,http://host.docker.internal:5000/login,,
http_req_waiting,1767699572,5.778128,,,,true,,POST,http://host.docker.internal:5000/login,HTTP/1.1,default,,200,,,http://host.docker.internal:5000/login,,
http_req_receiving,1767699572,0.096427,,,,true,,POST,http://host.docker.internal:5000/login,HTTP/1.1,default,,200,,,http://host.docker.internal:5000/login,,
http_req_failed,1767699572,0.000000,,,,true,,POST,http://host.docker.internal:5000/login,HTTP/1.1,default,,200,,,http://host.docker.internal:5000/login,,
checks,1767699572,1.000000,Login successful,,,,,,,,default,,,,,,,
checks,1767699572,1.000000,Response contains welcome,,,,,,,,default,,,,,,,
data_sent,1767699572,188.000000,,,,,,,,,default,,,,,,,
data_received,1767699572,408.000000,,,,,,,,,default,,,,,,,
iteration_duration,1767699572,6.208446,,,,,,,,,default,,,,,,,
iterations,1767699572,1.000000,,,,,,,,,default,,,,,,,
http_reqs,1767699572,1.000000,,,,true,,POST,http://host.docker.internal:5000/login,HTTP/1.1,default,,200,,,http://host.docker.internal:5000/login,,
http_req_duration,1767699572,5.199756,,,,true,,POST,http://host.docker.internal:5000/login,HTTP/1.1,default,,200,,,http://host.docker.internal:5000/login,,
http_req_blocked,1767699572,0.006570,,,,true,,POST,http://host.docker.internal:5000/login,HTTP/1.1,default,,200,,,http://host.docker.internal:5000/login,,
http_req_connecting,1767699572,0.000000,,,,true,,POST,http://host.docker.internal:5000/login,HTTP/1.1,default,,200,,,http://host.docker.internal:5000/login,,
http_req_tls_handshaking,1767699572,0.000000,,,,true,,POST,http://host.docker.internal:5000/login,HTTP/1.1,default,,200,,,http://host.docker.internal:5000/login,,
http_req_sending,1767699572,0.028767,,,,true,,POST,http://host.docker.internal:5000/login,HTTP/1.1,default,,200,,,http://host.docker.internal:5000/login,,
http_req_waiting,1767699572,5.065698,,,,true,,POST,http://host.docker.internal:5000/login,HTTP/1.1,default,,200,,,http://host.docker.internal:5000/login,,
http_req_receiving,1767699572,0.105291,,,,true,,POST,http://host.docker.internal:5000/login,HTTP/1.1,default,,200,,,http://host.docker.internal:5000/login,,
http_req_failed,1767699572,0.000000,,,,true,,POST,http://host.docker.internal:5000/login,HTTP/1.1,default,,200,,,http://host.docker.internal:5000/login,,
checks,1767699572,1.000000,Login successful,,,,,,,,default,,,,,,,
checks,1767699572,1.000000,Response contains welcome,,,,,,,,default,,,,,,,
data_sent,1767699572,188.000000,,,,,,,,,default,,,,,,,
data_received,1767699572,408.000000,,,,,,,,,default,,,,,,,
iteration_duration,1767699572,5.476772,,,,,,,,,default,,,,,,,
iterations,1767699572,1.000000,,,,,,,,,default,,,,,,,
http_reqs,1767699572,1.000000,,,,true,,POST,http://host.docker.internal:5000/login,HTTP/1.1,default,,200,,,http://host.docker.internal:5000/login,,
http_req_duration,1767699572,5.702880,,,,true,,POST,http://host.docker.internal:5000/login,HTTP/1.1,default,,200,,,http://host.docker.internal:5000/login,,
http_req_blocked,1767699572,0.007811,,,,true,,POST,http://host.docker.internal:5000/login,HTTP/1.1,default,,200,,,http://host.docker.internal:5000/login,,
http_req_connecting,1767699572,0.000000,,,,true,,POST,http://host.docker.internal:5000/login,HTTP/1.1,default,,200,,,http://host.docker.internal:5000/login,,
http_req_tls_handshaking,1767699572,0.000000,,,,true,,POST,http://host.docker.internal:5000/login,HTTP/1.1,default,,200,,,http://host.docker.internal:5000/login,,
http_req_sending,1767699572,0.032609,,,,true,,POST,http://host.docker.internal:5000/login,HTTP/1.1,default,,200,,,http://host.docker.internal:5000/login,,
http_req_waiting,1767699572,5.591156,,,,true,,POST,http://host.docker.internal:5000/login,HTTP/1.1,default,,200,,,http://host.docker.internal:5000/login,,
http_req_receiving,1767699572,0.079115,,,,true,,POST,http://host.docker.internal:5000/login,HTTP/1.1,default,,200,,,http://host.docker.internal:5000/login,,
http_req_failed,1767699572,0.000000,,,,true,,POST,http://host.docker.internal:5000/login,HTTP/1.1,default,,200,,,http://host.docker.internal:5000/login,,
checks,1767699572,1.000000,Login successful,,,,,,,,default,,,,,,,
checks,1767699572,1.000000,Response contains welcome,,,,,,,,default,,,,,,,
data_sent,1767699572,188.000000,,,,,,,,,default,,,,,,,
data_received,1767699572,408.000000,,,,,,,,,default,,,,,,,
iteration_duration,1767699572,5.940598,,,,,,,,,default,,,,,,,
iterations,1767699572,1.000000,,,,,,,,,default,,,,,,,
http_reqs,1767699572,1.000000,,,,true,,POST,http://host.docker.internal:5000/login,HTTP/1.1,default,,200,,,http://host.docker.internal:5000/login,,
http_req_duration,1767699572,3.447561,,,,true,,POST,http://host.docker.internal:5000/login,HTTP/1.1,default,,200,,,http://host.docker.internal:5000/login,,
http_req_blocked,1767699572,0.005567,,,,true,,POST,http://host.docker.internal:5000/login,HTTP/1.1,default,,200,,,http://host.docker.internal:5000/login,,
http_req_connecting,1767699572,0.000000,,,,true,,POST,http://host.docker.internal:5000/login,HTTP/1.1,default,,200,,,http://host.docker.internal:5000/login,,
http_req_tls_handshaking,1767699572,0.000000,,,,true,,POST,http://host.docker.internal:5000/login,HTTP/1.1,default,,200,,,http://host.docker.internal:5000/login,,
http_req_sending,1767699572,0.028207,,,,true,,POST,http://host.docker.internal:5000/login,HTTP/1.1,default,,200,,,http://host.docker.internal:5000/login,,
http_req_waiting,1767699572,3.296237,,,,true,,POST,http://host.docker.internal:5000/login,HTTP/1.1,default,,200,,,http://host.docker.internal:5000/login,,
http_req_receiving,1767699572,0.123117,,,,true,,POST,http://host.docker.internal:5000/login,HTTP/1.1,default,,200,,,http://host.docker.internal:5000/login,,
http_req_failed,1767699572,0.000000,,,,true,,POST,http://host.docker.internal:5000/login,HTTP/1.1,default,,200,,,http://host.docker.internal:5000/login,,
checks,1767699572,1.000000,Login successful,,,,,,,,default,,,,,,,
checks,1767699572,1.000000,Response contains welcome,,,,,,,,default,,,,,,,
data_sent,1767699572,188.000000,,,,,,,,,default,,,,,,,
data_received,1767699572,408.000000,,,,,,,,,default,,,,,,,
iteration_duration,1767699572,3.661647,,,,,,,,,default,,,,,,,
iterations,1767699572,1.000000,,,,,,,,,default,,,,,,,
http_reqs,1767699572,1.000000,,,,true,,POST,http://host.docker.internal:5000/login,HTTP/1.1,default,,200,,,http://host.docker.internal:5000/login,,
http_req_duration,1767699572,10.712366,,,,true,,POST,http://host.docker.internal:5000/login,HTTP/1.1,default,,200,,,http://host.docker.internal:5000/login,,
http_req_blocked,1767699572,0.005639,,,,true,,POST,http://host.docker.internal:5000/login,HTTP/1.1,default,,200,,,http://host.docker.internal:5000/login,,
http_req_connecting,1767699572,0.000000,,,,true,,POST,http://host.docker.internal:5000/login,HTTP/1.1,default,,200,,,http://host.docker.internal:5000/login,,
http_req_tls_handshaking,1767699572,0.000000,,,,true,,POST,http://host.docker.internal:5000/login,HTTP/1.1,default,,200,,,http://host.docker.internal:5000/login,,
http_req_sending,1767699572,0.022568,,,,true,,POST,http://host.docker.internal:5000/login,HTTP/1.1,default,,200,,,http://host.docker.internal:5000/login,,
http_req_waiting,1767699572,10.607099,,,,true,,POST,http://host.docker.internal:5000/login,HTTP/1.1,default,,200,,,http://host.docker.internal:5000/login,,
http_req_receiving,1767699572,0.082699,,,,true,,POST,http://host.docker.internal:5000/login,HTTP/1.1,default,,200,,,http://host.docker.internal:5000/login,,
http_req_failed,1767699572,0.000000,,,,true,,POST,http://host.docker.internal:5000/login,HTTP/1.1,default,,200,,,http://host.docker.internal:5000/login,,
checks,1767699572,1.000000,Login successful,,,,,,,,default,,,,,,,
checks,1767699572,1.000000,Response contains welcome,,,,,,,,default,,,,,,,
data_sent,1767699572,188.000000,,,,,,,,,default,,,,,,,
data_received,1767699572,408.000000,,,,,,,,,default,,,,,,,
iteration_duration,1767699572,10.961821,,,,,,,,,default,,,,,,,
iterations,1767699572,1.000000,,,,,,,,,default,,,,,,,
